_excel_row,Id,ForbidKey,Cost,CardPack1,Num1,CardPack2,Num2,CardPack3,Num3,CardPack4,Num4,ForbidKeyNote
5,1,gp_card_weekly699,99,100001,1,,,,,,,周卡
6,2,gp_card_weekly3499,199,100002,1,,,,,,,月卡
7,3,gp_card_monthly4499,299,100002,1,,,,,,,战令
8,4,iap_card_weekly699,399,100002,1,,,,,,,hunt礼包
9,5,iap_card_weekly3499,499,100002,1,,,,,,,新手礼包（不是带炸弹的那个）
10,6,iap_card_monthly4499,599,100002,1,,,,,,,新手签到
11,7,gp_battlepass1,699,100003,1,,,,,,,小猪礼包
12,8,gp_battlepass3,799,100003,1,,,,,,,啤酒礼包
13,9,gp_battlepass2,899,100003,1,,,,,,,周卡月卡
14,10,iap_battlePass1,999,100003,1,,,,,,,赛马
15,11,iap_battlePass3,1099,100004,1,,,,,,,次充礼包
16,12,iap_battlePass2,1199,100004,1,,,,,,,
17,13,gp_hunt_99,1299,100004,1,,,,,,,
18,14,gp_hunt_199,1399,100004,1,,,,,,,
19,15,gp_hunt_1,1499,100004,1,,,,,,,
20,16,gp_hunt_2,1999,100005,1,,,,,,,
21,17,gp_hunt_499,2499,100005,1,,,,,,,
22,18,gp_hunt_599,2999,100005,1,,,,,,,
23,19,gp_hunt_699,3499,100005,1,,,,,,,
24,20,gp_hunt_3,3999,100005,1,,,,,,,
25,21,gp_hunt_4,4999,100006,1,,,,,,,
26,22,gp_hunt_999,5499,100006,1,,,,,,,
27,23,gp_hunt_5,7499,100006,1,,,,,,,
28,24,gp_hunt_6,9999,100006,1,,,,,,,
29,25,gp_hunt_1799,,,,,,,,,,
30,26,gp_hunt_1999,,,,,,,,,,
31,27,gp_hunt_2499,,,,,,,,,,
32,28,gp_hunt_2999,,,,,,,,,,
33,29,gp_hunt_3499,,,,,,,,,,
34,30,gp_hunt_3999,,,,,,,,,,
35,31,gp_hunt_4499,,,,,,,,,,
36,32,gp_hunt_4999,,,,,,,,,,
37,33,gp_hunt_5999,,,,,,,,,,
38,34,gp_hunt_6999,,,,,,,,,,
39,35,gp_hunt_7999,,,,,,,,,,
40,36,gp_hunt_8999,,,,,,,,,,
41,37,gp_hunt_9999,,,,,,,,,,
42,38,iap_hunt_99,,,,,,,,,,
43,39,iap_hunt_199,,,,,,,,,,
44,40,iap_hunt_1,,,,,,,,,,
45,41,iap_hunt_2,,,,,,,,,,
46,42,iap_hunt_499,,,,,,,,,,
47,43,iap_hunt_599,,,,,,,,,,
48,44,iap_hunt_699,,,,,,,,,,
49,45,iap_hunt_3,,,,,,,,,,
50,46,iap_hunt_4,,,,,,,,,,
51,47,iap_hunt_999,,,,,,,,,,
52,48,iap_hunt_5,,,,,,,,,,
53,49,iap_hunt_6,,,,,,,,,,
54,50,iap_hunt_1799,,,,,,,,,,
55,51,iap_hunt_1999,,,,,,,,,,
56,52,iap_hunt_2499,,,,,,,,,,
57,53,iap_hunt_2999,,,,,,,,,,
58,54,iap_hunt_3499,,,,,,,,,,
59,55,iap_hunt_3999,,,,,,,,,,
60,56,iap_hunt_4499,,,,,,,,,,
61,57,iap_hunt_4999,,,,,,,,,,
62,58,iap_hunt_5999,,,,,,,,,,
63,59,iap_hunt_6999,,,,,,,,,,
64,60,iap_hunt_7999,,,,,,,,,,
65,61,iap_hunt_8999,,,,,,,,,,
66,62,iap_hunt_9999,,,,,,,,,,
67,63,gp_noviceoffer,,,,,,,,,,
68,64,iap_noviceoffer,,,,,,,,,,
69,65,gp_novicelogin,,,,,,,,,,
70,66,iap_novicelogin,,,,,,,,,,
71,67,gp_noviceoffer199,,,,,,,,,,
72,68,iap_noviceoffer199,,,,,,,,,,
73,69,gp_piggy_99,,,,,,,,,,
74,70,gp_piggy_199,,,,,,,,,,
75,71,gp_piggy_299,,,,,,,,,,
76,72,gp_piggy_399,,,,,,,,,,
77,73,gp_piggy_499,,,,,,,,,,
78,74,gp_piggy_599,,,,,,,,,,
79,75,gp_piggy_699,,,,,,,,,,
80,76,gp_piggy_799,,,,,,,,,,
81,77,gp_piggy_899,,,,,,,,,,
82,78,gp_piggy_999,,,,,,,,,,
83,79,gp_piggy_1099,,,,,,,,,,
84,80,gp_piggy_1199,,,,,,,,,,
85,81,gp_piggy_1299,,,,,,,,,,
86,82,gp_piggy_1399,,,,,,,,,,
87,83,gp_piggy_1499,,,,,,,,,,
88,84,gp_piggy_1999,,,,,,,,,,
89,85,gp_piggy_2499,,,,,,,,,,
90,86,gp_piggy_2999,,,,,,,,,,
91,87,gp_piggy_3499,,,,,,,,,,
92,88,gp_piggy_3999,,,,,,,,,,
93,89,gp_piggy_4999,,,,,,,,,,
94,90,gp_piggy_5499,,,,,,,,,,
95,91,gp_piggy_7499,,,,,,,,,,
96,92,gp_piggy_9999,,,,,,,,,,
97,93,iap_piggy_99,,,,,,,,,,
98,94,iap_piggy_199,,,,,,,,,,
99,95,iap_piggy_299,,,,,,,,,,
100,96,iap_piggy_399,,,,,,,,,,
101,97,iap_piggy_499,,,,,,,,,,
102,98,iap_piggy_599,,,,,,,,,,
103,99,iap_piggy_699,,,,,,,,,,
104,100,iap_piggy_799,,,,,,,,,,
105,101,iap_piggy_899,,,,,,,,,,
106,102,iap_piggy_999,,,,,,,,,,
107,103,iap_piggy_1099,,,,,,,,,,
108,104,iap_piggy_1199,,,,,,,,,,
109,105,iap_piggy_1299,,,,,,,,,,
110,106,iap_piggy_1399,,,,,,,,,,
111,107,iap_piggy_1499,,,,,,,,,,
112,108,iap_piggy_1999,,,,,,,,,,
113,109,iap_piggy_2499,,,,,,,,,,
114,110,iap_piggy_2999,,,,,,,,,,
115,111,iap_piggy_3499,,,,,,,,,,
116,112,iap_piggy_3999,,,,,,,,,,
117,113,iap_piggy_4999,,,,,,,,,,
118,114,iap_piggy_5499,,,,,,,,,,
119,115,iap_piggy_7499,,,,,,,,,,
120,116,iap_piggy_9999,,,,,,,,,,
121,117,gp_beerleftleft_99,,,,,,,,,,
122,118,gp_beerleft_199,,,,,,,,,,
123,119,gp_beerleft_299,,,,,,,,,,
124,120,gp_beerleft_399,,,,,,,,,,
125,121,gp_beerleft_499,,,,,,,,,,
126,122,gp_beerleft_599,,,,,,,,,,
127,123,gp_beerleft_699,,,,,,,,,,
128,124,gp_beerleft_799,,,,,,,,,,
129,125,gp_beerleft_899,,,,,,,,,,
130,126,gp_beerleft_999,,,,,,,,,,
131,127,gp_beerleft_1099,,,,,,,,,,
132,128,gp_beerleft_1199,,,,,,,,,,
133,129,gp_beerleft_1299,,,,,,,,,,
134,130,gp_beerleft_1399,,,,,,,,,,
135,131,gp_beerleft_1499,,,,,,,,,,
136,132,gp_beerleft_1999,,,,,,,,,,
137,133,gp_beerleft_2499,,,,,,,,,,
138,134,gp_beerleft_2999,,,,,,,,,,
139,135,gp_beerleft_3499,,,,,,,,,,
140,136,gp_beerleft_3999,,,,,,,,,,
141,137,gp_beerleft_4999,,,,,,,,,,
142,138,gp_beerleft_5499,,,,,,,,,,
143,139,gp_beerleft_7499,,,,,,,,,,
144,140,gp_beerleft_9999,,,,,,,,,,
145,141,gp_beerright_99,,,,,,,,,,
146,142,gp_beerright_199,,,,,,,,,,
147,143,gp_beerright_299,,,,,,,,,,
148,144,gp_beerright_399,,,,,,,,,,
149,145,gp_beerright_499,,,,,,,,,,
150,146,gp_beerright_599,,,,,,,,,,
151,147,gp_beerright_699,,,,,,,,,,
152,148,gp_beerright_799,,,,,,,,,,
153,149,gp_beerright_899,,,,,,,,,,
154,150,gp_beerright_999,,,,,,,,,,
155,151,gp_beerright_1099,,,,,,,,,,
156,152,gp_beerright_1199,,,,,,,,,,
157,153,gp_beerright_1299,,,,,,,,,,
158,154,gp_beerright_1399,,,,,,,,,,
159,155,gp_beerright_1499,,,,,,,,,,
160,156,gp_beerright_1999,,,,,,,,,,
161,157,gp_beerright_2499,,,,,,,,,,
162,158,gp_beerright_2999,,,,,,,,,,
163,159,gp_beerright_3499,,,,,,,,,,
164,160,gp_beerright_3999,,,,,,,,,,
165,161,gp_beerright_4999,,,,,,,,,,
166,162,gp_beerright_5499,,,,,,,,,,
167,163,gp_beerright_7499,,,,,,,,,,
168,164,gp_beerright_9999,,,,,,,,,,
169,165,iap_beerleftleft_99,,,,,,,,,,
170,166,iap_beerleft_199,,,,,,,,,,
171,167,iap_beerleft_299,,,,,,,,,,
172,168,iap_beerleft_399,,,,,,,,,,
173,169,iap_beerleft_499,,,,,,,,,,
174,170,iap_beerleft_599,,,,,,,,,,
175,171,iap_beerleft_699,,,,,,,,,,
176,172,iap_beerleft_799,,,,,,,,,,
177,173,iap_beerleft_899,,,,,,,,,,
178,174,iap_beerleft_999,,,,,,,,,,
179,175,iap_beerleft_1099,,,,,,,,,,
180,176,iap_beerleft_1199,,,,,,,,,,
181,177,iap_beerleft_1299,,,,,,,,,,
182,178,iap_beerleft_1399,,,,,,,,,,
183,179,iap_beerleft_1499,,,,,,,,,,
184,180,iap_beerleft_1999,,,,,,,,,,
185,181,iap_beerleft_2499,,,,,,,,,,
186,182,iap_beerleft_2999,,,,,,,,,,
187,183,iap_beerleft_3499,,,,,,,,,,
188,184,iap_beerleft_3999,,,,,,,,,,
189,185,iap_beerleft_4999,,,,,,,,,,
190,186,iap_beerleft_5499,,,,,,,,,,
191,187,iap_beerleft_7499,,,,,,,,,,
192,188,iap_beerleft_9999,,,,,,,,,,
193,189,iap_beerright_99,,,,,,,,,,
194,190,iap_beerright_199,,,,,,,,,,
195,191,iap_beerright_299,,,,,,,,,,
196,192,iap_beerright_399,,,,,,,,,,
197,193,iap_beerright_499,,,,,,,,,,
198,194,iap_beerright_599,,,,,,,,,,
199,195,iap_beerright_699,,,,,,,,,,
200,196,iap_beerright_799,,,,,,,,,,
201,197,iap_beerright_899,,,,,,,,,,
202,198,iap_beerright_999,,,,,,,,,,
203,199,iap_beerright_1099,,,,,,,,,,
204,200,iap_beerright_1199,,,,,,,,,,
205,201,iap_beerright_1299,,,,,,,,,,
206,202,iap_beerright_1399,,,,,,,,,,
207,203,iap_beerright_1499,,,,,,,,,,
208,204,iap_beerright_1999,,,,,,,,,,
209,205,iap_beerright_2499,,,,,,,,,,
210,206,iap_beerright_2999,,,,,,,,,,
211,207,iap_beerright_3499,,,,,,,,,,
212,208,iap_beerright_3999,,,,,,,,,,
213,209,iap_beerright_4999,,,,,,,,,,
214,210,iap_beerright_5499,,,,,,,,,,
215,211,iap_beerright_7499,,,,,,,,,,
216,212,iap_beerright_9999,,,,,,,,,,
217,213,gp_card_weekly699,,,,,,,,,,
218,214,gp_card_weekly3499,,,,,,,,,,
219,215,gp_card_monthly4499,,,,,,,,,,
220,216,iap_card_weekly699,,,,,,,,,,
221,217,iap_card_weekly3499,,,,,,,,,,
222,218,iap_card_monthly4499,,,,,,,,,,
223,219,gp_bag_horse_1,,,,,,,,,,
224,220,gp_bag_horse_2,,,,,,,,,,
225,221,gp_bag_horse_3,,,,,,,,,,
226,222,gp_bag_horse_4,,,,,,,,,,
227,223,iap_bag_horse_1_1,,,,,,,,,,
228,224,iap_bag_horse_1_2,,,,,,,,,,
229,225,iap_bag_horse_1_3,,,,,,,,,,
230,226,iap_bag_horse_1_4,,,,,,,,,,
231,227,gp_offer_3day_1,,,,,,,,,,
232,228,iap_offer_3day_1,,,,,,,,,,
233,229,gp_multiwheel_99,,,,,,,,,,
234,230,gp_multiwheel_199,,,,,,,,,,
235,231,gp_multiwheel_299,,,,,,,,,,
236,232,gp_multiwheel_399,,,,,,,,,,
237,233,gp_multiwheel_499,,,,,,,,,,
238,234,gp_multiwheel_599,,,,,,,,,,
239,235,gp_multiwheel_699,,,,,,,,,,
240,236,gp_multiwheel_799,,,,,,,,,,
241,237,gp_multiwheel_899,,,,,,,,,,
242,238,gp_multiwheel_999,,,,,,,,,,
243,239,gp_multiwheel_1099,,,,,,,,,,
244,240,gp_multiwheel_1199,,,,,,,,,,
245,241,gp_multiwheel_1299,,,,,,,,,,
246,242,gp_multiwheel_1399,,,,,,,,,,
247,243,gp_multiwheel_1499,,,,,,,,,,
248,244,gp_multiwheel_1999,,,,,,,,,,
249,245,gp_multiwheel_2499,,,,,,,,,,
250,246,gp_multiwheel_2999,,,,,,,,,,
251,247,gp_multiwheel_3499,,,,,,,,,,
252,248,gp_multiwheel_3999,,,,,,,,,,
253,249,gp_multiwheel_4999,,,,,,,,,,
254,250,gp_multiwheel_5499,,,,,,,,,,
255,251,gp_multiwheel_7499,,,,,,,,,,
256,252,gp_multiwheel_9999,,,,,,,,,,
257,253,iap_multiwheel_99,,,,,,,,,,
258,254,iap_multiwheel_199,,,,,,,,,,
259,255,iap_multiwheel_299,,,,,,,,,,
260,256,iap_multiwheel_399,,,,,,,,,,
261,257,iap_multiwheel_499,,,,,,,,,,
262,258,iap_multiwheel_599,,,,,,,,,,
263,259,iap_multiwheel_699,,,,,,,,,,
264,260,iap_multiwheel_799,,,,,,,,,,
265,261,iap_multiwheel_899,,,,,,,,,,
266,262,iap_multiwheel_999,,,,,,,,,,
267,263,iap_multiwheel_1099,,,,,,,,,,
268,264,iap_multiwheel_1199,,,,,,,,,,
269,265,iap_multiwheel_1299,,,,,,,,,,
270,266,iap_multiwheel_1399,,,,,,,,,,
271,267,iap_multiwheel_1499,,,,,,,,,,
272,268,iap_multiwheel_1999,,,,,,,,,,
273,269,iap_multiwheel_2499,,,,,,,,,,
274,270,iap_multiwheel_2999,,,,,,,,,,
275,271,iap_multiwheel_3499,,,,,,,,,,
276,272,iap_multiwheel_3999,,,,,,,,,,
277,273,iap_multiwheel_4999,,,,,,,,,,
278,274,iap_multiwheel_5499,,,,,,,,,,
279,275,iap_multiwheel_7499,,,,,,,,,,
280,276,iap_multiwheel_9999,,,,,,,,,,
281,277,gp_limited_99,,,,,,,,,,
282,278,gp_limited_199,,,,,,,,,,
283,279,gp_limited_299,,,,,,,,,,
284,280,gp_limited_399,,,,,,,,,,
285,281,gp_limited_499,,,,,,,,,,
286,282,gp_limited_599,,,,,,,,,,
287,283,gp_limited_699,,,,,,,,,,
288,284,gp_limited_799,,,,,,,,,,
289,285,gp_limited_899,,,,,,,,,,
290,286,gp_limited_999,,,,,,,,,,
291,287,gp_limited_1099,,,,,,,,,,
292,288,gp_limited_1199,,,,,,,,,,
293,289,gp_limited_1299,,,,,,,,,,
294,290,gp_limited_1399,,,,,,,,,,
295,291,gp_limited_1499,,,,,,,,,,
296,292,gp_limited_1999,,,,,,,,,,
297,293,gp_limited_2499,,,,,,,,,,
298,294,gp_limited_2999,,,,,,,,,,
299,295,gp_limited_3499,,,,,,,,,,
300,296,gp_limited_3999,,,,,,,,,,
301,297,gp_limited_4999,,,,,,,,,,
302,298,gp_limited_5499,,,,,,,,,,
303,299,gp_limited_7499,,,,,,,,,,
304,300,gp_limited_9999,,,,,,,,,,
305,301,iap_limited_99,,,,,,,,,,
306,302,iap_limited_199,,,,,,,,,,
307,303,iap_limited_299,,,,,,,,,,
308,304,iap_limited_399,,,,,,,,,,
309,305,iap_limited_499,,,,,,,,,,
310,306,iap_limited_599,,,,,,,,,,
311,307,iap_limited_699,,,,,,,,,,
312,308,iap_limited_799,,,,,,,,,,
313,309,iap_limited_899,,,,,,,,,,
314,310,iap_limited_999,,,,,,,,,,
315,311,iap_limited_1099,,,,,,,,,,
316,312,iap_limited_1199,,,,,,,,,,
317,313,iap_limited_1299,,,,,,,,,,
318,314,iap_limited_1399,,,,,,,,,,
319,315,iap_limited_1499,,,,,,,,,,
320,316,iap_limited_1999,,,,,,,,,,
321,317,iap_limited_2499,,,,,,,,,,
322,318,iap_limited_2999,,,,,,,,,,
323,319,iap_limited_3499,,,,,,,,,,
324,320,iap_limited_3999,,,,,,,,,,
325,321,iap_limited_4999,,,,,,,,,,
326,322,iap_limited_5499,,,,,,,,,,
327,323,iap_limited_7499,,,,,,,,,,
328,324,iap_limited_9999,,,,,,,,,,
329,325,gp_questbuffleft_99,,,,,,,,,,
330,326,gp_questbuffleft_199,,,,,,,,,,
331,327,gp_questbuffleft_299,,,,,,,,,,
332,328,gp_questbuffleft_399,,,,,,,,,,
333,329,gp_questbuffleft_499,,,,,,,,,,
334,330,gp_questbuffleft_599,,,,,,,,,,
335,331,gp_questbuffleft_699,,,,,,,,,,
336,332,gp_questbuffleft_799,,,,,,,,,,
337,333,gp_questbuffleft_899,,,,,,,,,,
338,334,gp_questbuffleft_999,,,,,,,,,,
339,335,gp_questbuffleft_1099,,,,,,,,,,
340,336,gp_questbuffleft_1199,,,,,,,,,,
341,337,gp_questbuffleft_1299,,,,,,,,,,
342,338,gp_questbuffleft_1399,,,,,,,,,,
343,339,gp_questbuffleft_1499,,,,,,,,,,
344,340,gp_questbuffright_99,,,,,,,,,,
345,341,gp_questbuffright_199,,,,,,,,,,
346,342,gp_questbuffright_299,,,,,,,,,,
347,343,gp_questbuffright_399,,,,,,,,,,
348,344,gp_questbuffright_499,,,,,,,,,,
349,345,gp_questbuffright_599,,,,,,,,,,
350,346,gp_questbuffright_699,,,,,,,,,,
351,347,gp_questbuffright_799,,,,,,,,,,
352,348,gp_questbuffright_899,,,,,,,,,,
353,349,gp_questbuffright_999,,,,,,,,,,
354,350,gp_questbuffright_1099,,,,,,,,,,
355,351,gp_questbuffright_1199,,,,,,,,,,
356,352,gp_questbuffright_1299,,,,,,,,,,
357,353,gp_questbuffright_1399,,,,,,,,,,
358,354,gp_questbuffright_1499,,,,,,,,,,
359,355,iap_questbuffleft_99,,,,,,,,,,
360,356,iap_questbuffleft_199,,,,,,,,,,
361,357,iap_questbuffleft_299,,,,,,,,,,
362,358,iap_questbuffleft_399,,,,,,,,,,
363,359,iap_questbuffleft_499,,,,,,,,,,
364,360,iap_questbuffleft_599,,,,,,,,,,
365,361,iap_questbuffleft_699,,,,,,,,,,
366,362,iap_questbuffleft_799,,,,,,,,,,
367,363,iap_questbuffleft_899,,,,,,,,,,
368,364,iap_questbuffleft_999,,,,,,,,,,
369,365,iap_questbuffleft_1099,,,,,,,,,,
370,366,iap_questbuffleft_1199,,,,,,,,,,
371,367,iap_questbuffleft_1299,,,,,,,,,,
372,368,iap_questbuffleft_1399,,,,,,,,,,
373,369,iap_questbuffleft_1499,,,,,,,,,,
374,370,iap_questbuffright_99,,,,,,,,,,
375,371,iap_questbuffright_199,,,,,,,,,,
376,372,iap_questbuffright_299,,,,,,,,,,
377,373,iap_questbuffright_399,,,,,,,,,,
378,374,iap_questbuffright_499,,,,,,,,,,
379,375,iap_questbuffright_599,,,,,,,,,,
380,376,iap_questbuffright_699,,,,,,,,,,
381,377,iap_questbuffright_799,,,,,,,,,,
382,378,iap_questbuffright_899,,,,,,,,,,
383,379,iap_questbuffright_999,,,,,,,,,,
384,380,iap_questbuffright_1099,,,,,,,,,,
385,381,iap_questbuffright_1199,,,,,,,,,,
386,382,iap_questbuffright_1299,,,,,,,,,,
387,383,iap_questbuffright_1399,,,,,,,,,,
388,384,iap_questbuffright_1499,,,,,,,,,,
389,385,gp_bp_499,,,,,,,,,,
390,386,gp_bp_699,,,,,,,,,,
391,387,gp_bp_999,,,,,,,,,,
392,388,gp_bp_1299,,,,,,,,,,
393,389,gp_bp_1499,,,,,,,,,,
394,390,gp_bp_1999,,,,,,,,,,
395,391,iap_bp_499,,,,,,,,,,
396,392,iap_bp_699,,,,,,,,,,
397,393,iap_bp_999,,,,,,,,,,
398,394,iap_bp_1299,,,,,,,,,,
399,395,iap_bp_1499,,,,,,,,,,
400,396,iap_bp_1999,,,,,,,,,,
401,397,gp_egg_99,,,,,,,,,,
402,398,gp_egg_199,,,,,,,,,,
403,399,gp_egg_299,,,,,,,,,,
404,400,gp_egg_399,,,,,,,,,,
405,401,gp_egg_499,,,,,,,,,,
406,402,gp_egg_599,,,,,,,,,,
407,403,gp_egg_699,,,,,,,,,,
408,404,gp_egg_799,,,,,,,,,,
409,405,gp_egg_899,,,,,,,,,,
410,406,gp_egg_999,,,,,,,,,,
411,407,gp_egg_1099,,,,,,,,,,
412,408,gp_egg_1199,,,,,,,,,,
413,409,gp_egg_1299,,,,,,,,,,
414,410,gp_egg_1399,,,,,,,,,,
415,411,gp_egg_1499,,,,,,,,,,
416,412,gp_egg_1999,,,,,,,,,,
417,413,gp_egg_2499,,,,,,,,,,
418,414,gp_egg_2999,,,,,,,,,,
419,415,gp_egg_3499,,,,,,,,,,
420,416,gp_egg_3999,,,,,,,,,,
421,417,gp_egg_4999,,,,,,,,,,
422,418,gp_egg_5499,,,,,,,,,,
423,419,gp_egg_7499,,,,,,,,,,
424,420,gp_egg_9999,,,,,,,,,,
425,421,iap_egg_99,,,,,,,,,,
426,422,iap_egg_199,,,,,,,,,,
427,423,iap_egg_299,,,,,,,,,,
428,424,iap_egg_399,,,,,,,,,,
429,425,iap_egg_499,,,,,,,,,,
430,426,iap_egg_599,,,,,,,,,,
431,427,iap_egg_699,,,,,,,,,,
432,428,iap_egg_799,,,,,,,,,,
433,429,iap_egg_899,,,,,,,,,,
434,430,iap_egg_999,,,,,,,,,,
435,431,iap_egg_1099,,,,,,,,,,
436,432,iap_egg_1199,,,,,,,,,,
437,433,iap_egg_1299,,,,,,,,,,
438,434,iap_egg_1399,,,,,,,,,,
439,435,iap_egg_1499,,,,,,,,,,
440,436,iap_egg_1999,,,,,,,,,,
441,437,iap_egg_2499,,,,,,,,,,
442,438,iap_egg_2999,,,,,,,,,,
443,439,iap_egg_3499,,,,,,,,,,
444,440,iap_egg_3999,,,,,,,,,,
445,441,iap_egg_4999,,,,,,,,,,
446,442,iap_egg_5499,,,,,,,,,,
447,443,iap_egg_7499,,,,,,,,,,
448,444,iap_egg_9999,,,,,,,,,,
449,445,gp_challengepack_1499,,,,,,,,,,
450,446,gp_challengepack_999,,,,,,,,,,
451,447,gp_challengepack_499,,,,,,,,,,
452,448,gp_challenge_1499,,,,,,,,,,
453,449,gp_challenge_999,,,,,,,,,,
454,450,gp_challenge_499,,,,,,,,,,
455,451,iap_challengepack_1499,,,,,,,,,,
456,452,iap_challengepack_999,,,,,,,,,,
457,453,iap_challengepack_499,,,,,,,,,,
458,454,iap_challenge_1499,,,,,,,,,,
459,455,iap_challenge_999,,,,,,,,,,
460,456,iap_challenge_499,,,,,,,,,,
461,457,gp_novicebag199,,,,,,,,,,
462,458,iap_novicebag199,,,,,,,,,,
463,459,gp_league_coins3,,,,,,,,,,
464,460,gp_league_coins3,,,,,,,,,,
465,461,gp_league_coins3,,,,,,,,,,
466,462,gp_league_coins3,,,,,,,,,,
467,463,iap_league_coins3,,,,,,,,,,
468,464,iap_league_coins3,,,,,,,,,,
469,465,iap_league_coins3,,,,,,,,,,
470,466,iap_league_coins3,,,,,,,,,,
471,467,gp_league_coins2,,,,,,,,,,
472,468,gp_league_coins3,,,,,,,,,,
473,469,gp_league_coins4,,,,,,,,,,
474,470,iap_league_coins2,,,,,,,,,,
475,471,iap_league_coins3,,,,,,,,,,
476,472,iap_league_coins4,,,,,,,,,,
477,473,gp_questitem_1,,,,,,,,,,
478,474,gp_questitem_2,,,,,,,,,,
479,475,gp_questitem_3,,,,,,,,,,
480,476,gp_questitem_4,,,,,,,,,,
481,477,gp_questitem_5,,,,,,,,,,
482,478,iap_questitem_1,,,,,,,,,,
483,479,iap_questitem_2,,,,,,,,,,
484,480,iap_questitem_3,,,,,,,,,,
485,481,iap_questitem_4,,,,,,,,,,
486,482,iap_questitem_5,,,,,,,,,,
487,483,gp_missionbooster_299,,,,,,,,,,
488,484,gp_missionbooster_499,,,,,,,,,,
489,485,gp_missionbooster_699,,,,,,,,,,
490,486,gp_missionbooster_999,,,,,,,,,,
491,487,gp_missionbooster_1299,,,,,,,,,,
492,488,gp_missionbooster_1499,,,,,,,,,,
493,489,gp_missionbooster_1999,,,,,,,,,,
494,490,gp_missionbooster_2499,,,,,,,,,,
495,491,gp_missionbooster_2899,,,,,,,,,,
496,492,gp_missionbooster_3499,,,,,,,,,,
497,493,iap_missionbooster_299,,,,,,,,,,
498,494,iap_missionbooster_499,,,,,,,,,,
499,495,iap_missionbooster_699,,,,,,,,,,
500,496,iap_missionbooster_999,,,,,,,,,,
501,497,iap_missionbooster_1299,,,,,,,,,,
502,498,iap_missionbooster_1499,,,,,,,,,,
503,499,iap_missionbooster_1999,,,,,,,,,,
504,500,iap_missionbooster_2499,,,,,,,,,,
505,501,iap_missionbooster_2899,,,,,,,,,,
506,502,iap_missionbooster_3499,,,,,,,,,,
507,503,gp_funloungecard_1499,,,,,,,,,,
508,504,gp_funloungecard_1999,,,,,,,,,,
509,505,iap_funloungecard_1499,,,,,,,,,,
510,506,iap_funloungecard_1999,,,,,,,,,,
511,507,gp_funloungepoint_499,,,,,,,,,,
512,508,gp_funloungepoint_999,,,,,,,,,,
513,509,iap_funloungepoint_499,,,,,,,,,,
514,510,iap_funloungepoint_999,,,,,,,,,,
515,511,gp_funloungebank_199,,,,,,,,,,
516,512,gp_funloungebank_499,,,,,,,,,,
517,513,gp_funloungebank_799,,,,,,,,,,
518,514,iap_funloungebank_199,,,,,,,,,,
519,515,iap_funloungebank_499,,,,,,,,,,
520,516,iap_funloungebank_799,,,,,,,,,,
521,517,gp_snackitem_499,,,,,,,,,,
522,518,gp_snackitem_1499,,,,,,,,,,
523,519,iap_snackitem_499,,,,,,,,,,
524,520,iap_snackitem_1499,,,,,,,,,,
525,521,gp_snackpass_499,,,,,,,,,,
526,522,iap_snackpass_499,,,,,,,,,,
527,523,gp_sevensevenseven_199,,,,,,,,,,
528,524,gp_sevensevenseven_599,,,,,,,,,,
529,525,iap_sevensevenseven_199,,,,,,,,,,
530,526,iap_sevensevenseven_599,,,,,,,,,,
